address,created_at,customer_id,email,name
123 Maple Street,2025-02-17 14:30:04,1,alice.johnson@example.com,Alice Johnson
456 Oak Avenue,"""2025-02-17 14:30:04""",2,bob.smith@example.com,Bob Smith
789 Pine Road,2025-02-17 14:30:04/,3,charlie.davis@example.com,Charlie Davis
321 Birch Lane,2025-02-17 14:30:04/,4,david.wilson@example.com/,David Wilson
654 Cedar Street,2025-02-17 14:30:04,5,"""emily.carter@example.com""","""Emily Carter"""
987 Walnut Drive,2025-02-17 14:30:04,6,franklin.lewis@example.com,Franklin Lewis
159 Spruce Blvd/,"""2025-02-17 14:30:04""",7,grace.hall@example.com,"""Grace Hall"""
753 Redwood Ave/,2025-02-17 14:30:04,8,henry.adams@example.com,Henry Adams
951 Sycamore Rd,2025-02-17 14:30:04,9,isabella.scott@example.com,Isabella Scott
852 Elm Way,2025-02-17 14:30:04,10,jack.thompson@example.com,Jack Thompson
147 Birch Rd,2025-02-17 14:30:04,11,karen.martinez@example.com,Karen Martinez
369 Oakwood Dr,2025-02-17 14:30:04,12,leo.parker@example.com,Leo Parker
258 Pine Hill,2025-02-17 14:30:04,13,mia.clark@example.com,Mia Clark
789 Willow St,2025-02-17 14:30:04,14,nathan.reed@example.com,Nathan Reed
963 Aspen Lane/,2025-02-17 14:30:04,15,olivia.turner@example.com,Olivia Turner
741 Elm Grove,2025-02-17 14:30:04,16,paul.harris@example.com,Paul Harris/
357 Cedar Ave,2025-02-17 14:30:04,17,quinn.brooks@example.com,Quinn Brooks
123 Maple Crescent,2025-02-17 14:30:04/,18,rachel.fisher@example.com/,Rachel Fisher
"""654 Oak Park""",2025-02-17 14:30:04,19,samuel.bennett@example.com,Samuel Bennett/
951 Spruce View,2025-02-17 14:30:04,20,tina.cooper@example.com,Tina Cooper
852 Redwood Circle,"""2025-02-17 14:30:04""",21,ulysses.white@example.com,Ulysses White
789 Sycamore Terrace/,2025-02-17 14:30:04,22,victoria.hughes@example.com,Victoria Hughes
147 Oakwood Blvd,"""2025-02-17 14:30:04""",23,william.scott@example.com,William Scott
258 Pine Avenue,2025-02-17 14:30:04,24,"""xavier.lee@example.com""","""Xavier Lee"""
369 Elm Drive,2025-02-17 14:30:04,25,yasmine.king@example.com,Yasmine King
753 Birch Hill,2025-02-17 14:30:04,26,zachary.evans@example.com,Zachary Evans
456 Cedar Point,2025-02-17 14:30:04,27,"""amanda.ford@example.com""",Amanda Ford
789 Spruce Drive,"""2025-02-17 14:30:04""",28,"""brandon.ross@example.com""",Brandon Ross/
963 Willow Road,2025-02-17 14:30:04,29,catherine.green@example.com,Catherine Green
321 Oak Haven,2025-02-17 14:30:04,30,"""daniel.collins@example.com""",Daniel Collins
654 Maple Path,2025-02-17 14:30:04/,31,eleanor.stewart@example.com,Eleanor Stewart
147 Sycamore Street/,2025-02-17 14:30:04,32,frederick.powell@example.com,Frederick Powell
852 Aspen Trail,2025-02-17 14:30:04,33,"""gabriella.simmons@example.com""",Gabriella Simmons
951 Cedar Heights/,2025-02-17 14:30:04,34,harrison.morgan@example.com,Harrison Morgan
369 Redwood Grove,2025-02-17 14:30:04,35,isabel.wright@example.com,Isabel Wright
753 Elm Avenue,2025-02-17 14:30:04,36,jason.murphy@example.com/,Jason Murphy/
357 Pine Ridge,2025-02-17 14:30:04/,37,kaitlyn.diaz@example.com,Kaitlyn Diaz
123 Spruce Lane,2025-02-17 14:30:04/,38,liam.patterson@example.com,Liam Patterson
456 Willow Terrace,2025-02-17 14:30:04,39,"""madeline.flores@example.com""",Madeline Flores
258 Oak View,2025-02-17 14:30:04,40,noah.simmons@example.com,Noah Simmons
369 Cedar Lane,2025-02-17 14:30:04,41,olivia.bennett@example.com,Olivia Bennett
789 Maple Grove,2025-02-17 14:30:04,42,patrick.rivera@example.com,Patrick Rivera
963 Birch Point,2025-02-17 14:30:04,43,quincy.foster@example.com,Quincy Foster
753 Sycamore Road,2025-02-17 14:30:04,44,rebecca.hayes@example.com,Rebecca Hayes
"""852 Redwood Street""",2025-02-17 14:30:04,45,sebastian.reed@example.com,Sebastian Reed
321 Oak Hill,2025-02-17 14:30:04,46,tracy.long@example.com,Tracy Long
"""654 Willow Way""",2025-02-17 14:30:04,47,ursula.morris@example.com,Ursula Morris
147 Spruce Terrace,2025-02-17 14:30:04,48,vincent.howard@example.com,Vincent Howard/
357 Aspen Avenue,"""2025-02-17 14:30:04""",49,wendy.nelson@example.com/,Wendy Nelson
147 Maple Street/,"""2025-02-17 14:30:20""",50,ethan.cooper@example.com,Ethan Cooper
369 Oak Avenue,2025-02-17 14:30:20,51,sophia.adams@example.com,Sophia Adams
258 Pine Road,2025-02-17 14:30:20,52,benjamin.wright@example.com,Benjamin Wright
753 Birch Lane,2025-02-17 14:30:20,53,lily.hall@example.com/,Lily Hall
"""963 Cedar Street""",2025-02-17 14:30:20,54,matthew.turner@example.com,"""Matthew Turner"""
951 Walnut Drive,2025-02-17 14:30:20,55,chloe.young@example.com,Chloe Young
357 Spruce Blvd,2025-02-17 14:30:20,56,lucas.bennett@example.com,Lucas Bennett
123 Redwood Ave,2025-02-17 14:30:20,57,ava.scott@example.com,Ava Scott
789 Sycamore Rd,2025-02-17 14:30:20,58,mason.parker@example.com,Mason Parker
852 Elm Way,2025-02-17 14:30:20,59,zoe.harris@example.com,Zoe Harris
654 Oakwood Dr,"""2025-02-17 14:30:20""",60,daniel.king@example.com,Daniel King
321 Willow St/,2025-02-17 14:30:20,61,layla.brooks@example.com,Layla Brooks
147 Aspen Lane,2025-02-17 14:30:20,62,owen.ross@example.com,Owen Ross/
369 Cedar Ave,2025-02-17 14:30:20,63,scarlett.hughes@example.com,Scarlett Hughes
951 Maple Crescent,2025-02-17 14:30:20,64,henry.foster@example.com/,Henry Foster
852 Oak Park,2025-02-17 14:30:20,65,isla.hayes@example.com,Isla Hayes
753 Spruce View,2025-02-17 14:30:20,66,caleb.stewart@example.com,Caleb Stewart
258 Redwood Circle,2025-02-17 14:30:20,67,lillian.rivera@example.com,Lillian Rivera
963 Sycamore Terrace,2025-02-17 14:30:20/,68,nathaniel.hayes@example.com,Nathaniel Hayes
321 Oakwood Blvd,2025-02-17 14:30:20,69,"""leah.simmons@example.com""",Leah Simmons
